image_id,year,month,day,final_date
000030,2028,08,17,2028-08-17
000052,2025,11,19,2025-11-19
000075,2026,01,06,2026-01-06
000082,2026,08,24,2026-08-24
000089,2026,09,11,2026-09-11
000095,2026,07,29,2026-07-29
000102,2025,11,13,2025-11-13
000131,2026,08,05,2026-08-05
000144,2027,03,25,2027-03-25
000145,2027,03,24,2027-03-24
000146,2026,04,03,2026-04-03
000147,2026,03,21,2026-03-21
000186,2028,04,14,2028-04-14
000187,2028,02,05,2028-02-05
000205,2027,05,18,2027-05-18
000207,2026,09,24,2026-09-24
000219,2026,09,07,2026-09-07
000221,2026,07,15,2026-07-15
000227,2028,09,17,2028-09-17
000236,2026,04,08,2026-04-08
000238,2026,09,10,2026-09-10
000239,2026,07,10,2026-07-10
000243,2026,08,17,2026-08-17
000262,2027,01,10,2027-01-10
000277,2026,07,15,2026-07-15
000299,2026,05,13,2026-05-13
000303,2026,07,31,2026-07-31
000305,2026,02,24,2026-02-24
000308,2025,12,04,2025-12-04
000316,2027,03,01,2027-03-01
000360,2025,08,19,2025-08-19
000363,2026,04,21,2026-04-21
000368,2026,09,22,2026-09-22
000370,2026,09,02,2026-09-02
000371,2026,02,15,2026-02-15
000373,2025,02,18,2025-02-18
000378,2026,05,29,2026-05-29
000380,2026,09,02,2026-09-02
000395,2026,03,15,2026-03-15
000397,2026,02,19,2026-02-19
000402,2028,04,19,2028-04-19
000420,2025,12,04,2025-12-04
000423,2025,06,05,2025-06-05
000425,2025,11,05,2025-11-05
000441,2025,12,15,2025-12-15
000447,2025,11,22,2025-11-22
000450,2026,03,11,2026-03-11
000490,2025,11,27,2025-11-27
000518,2026,09,14,2026-09-14
000520,2026,09,15,2026-09-15
000530,NONE,NONE,NONE,NONE
000532,2026,02,28,2026-02-28
000557,2026,08,12,2026-08-12
000579,2026,07,10,2026-07-10
000584,2026,07,15,2026-07-15
000587,2026,02,07,2026-02-07
000603,2026,09,24,2026-09-24
000614,2026,03,07,2026-03-07
000620,2026,07,06,2026-07-06
000625,2027,04,01,2027-04-01
000656,2026,09,04,2026-09-04
000671,2026,03,31,2026-03-31
000674,2026,06,02,2026-06-02
000677,2027,08,17,2027-08-17
000680,2025,10,15,2025-10-15
000690,2025,10,11,2025-10-11
000720,2026,02,28,2026-02-28
000742,2026,05,01,2026-05-01
000745,2026,01,10,2026-01-10
000759,2026,05,14,2026-05-14
000773,NONE,12,10,NONE-12-10
000791,2026,06,30,2026-06-30
000793,2026,05,06,2026-05-06
000795,NONE,NONE,NONE,NONE
000820,2026,05,18,2026-05-18
000827,2026,08,09,2026-08-09
000834,2026,02,02,2026-02-02
000841,2025,12,22,2025-12-22
000843,2026,06,17,2026-06-17
000859,NONE,NONE,NONE,NONE
000885,2021,07,09,2021-07-09
000897,2025,05,19,2025-05-19
000899,2022,09,02,2022-09-02
000929,2022,03,13,2022-03-13
000932,2021,05,26,2021-05-26
000934,2021,02,10,2021-02-10
000955,2022,01,25,2022-01-25
000958,2021,02,22,2021-02-22
000962,2023,10,21,2023-10-21
000980,2021,06,14,2021-06-14
000990,NONE,NONE,NONE,NONE
000991,2021,03,04,2021-03-04
001005,2020,08,10,2020-08-10
001016,2021,02,21,2021-02-21
001018,2021,05,15,2021-05-15
001020,2020,02,27,2020-02-27
001022,2021,06,28,2021-06-28
001026,2020,12,09,2020-12-09
001061,2022,07,04,2022-07-04
001068,2021,03,15,2021-03-15
001076,2021,07,31,2021-07-31
001078,2023,09,24,2023-09-24
001082,2021,06,17,2021-06-17
001093,2021,05,25,2021-05-25
001094,2022,01,12,2022-01-12
001111,2022,07,12,2022-07-12
001137,2021,07,17,2021-07-17
001150,2021,09,18,2021-09-18
001185,2021,09,28,2021-09-28
001244,2023,12,31,2023-12-31
001247,2022,01,19,2022-01-19
001275,2021,11,07,2021-11-07
001278,2022,01,03,2022-01-03
001290,2021,11,24,2021-11-24
001298,2021,06,24,2021-06-24
001300,2021,07,28,2021-07-28
001303,2021,09,14,2021-09-14
001313,2022,01,15,2022-01-15
001336,2021,07,04,2021-07-04
001343,2021,09,10,2021-09-10
001351,2021,06,09,2021-06-09
001364,2018,02,05,2018-02-05
001377,2021,12,02,2021-12-02
001379,2021,01,22,2021-01-22
001380,2021,04,09,2021-04-09
001386,2022,04,25,2022-04-25
001405,2021,01,27,2021-01-27
001417,2021,11,05,2021-11-05
001423,2021,11,NONE,2021-11-NONE
001436,2021,09,20,2021-09-20
001452,2022,09,13,2022-09-13
001478,2022,08,27,2022-08-27
001494,2023,08,17,2023-08-17
001500,2021,09,23,2021-09-23
001505,2021,01,27,2021-01-27
001520,2021,07,08,2021-07-08
001521,2021,07,08,2021-07-08
001524,2021,06,25,2021-06-25
001525,2021,06,25,2021-06-25
001529,2021,02,11,2021-02-11
001533,2022,06,21,2022-06-21
001545,2021,08,02,2021-08-02
001546,2021,07,04,2021-07-04
001554,2020,06,03,2020-06-03
001563,NONE,NONE,NONE,NONE
001574,2022,01,06,2022-01-06
001577,2022,11,05,2022-11-05
001581,2021,11,05,2021-11-05
001593,2022,01,05,2022-01-05
001597,2021,03,07,2021-03-07
001614,2020,09,03,2020-09-03
001631,2022,10,21,2022-10-21
001689,2021,06,NONE,2021-06-NONE
001733,2022,11,18,2022-11-18
001752,2022,01,10,2022-01-10
001756,2021,12,20,2021-12-20
001770,2019,10,18,2019-10-18
001777,2021,04,05,2021-04-05
001785,2021,09,19,2021-09-19
001791,2020,08,13,2020-08-13
001807,2021,02,25,2021-02-25
001811,2023,10,22,2023-10-22
001824,2021,09,07,2021-09-07
001828,2021,11,28,2021-11-28
001829,2021,03,07,2021-03-07
001835,2022,07,12,2022-07-12
001841,2021,09,30,2021-09-30
001857,2022,07,17,2022-07-17
001876,2021,09,30,2021-09-30
001895,2021,03,17,2021-03-17
001899,2021,11,29,2021-11-29
001905,2022,01,15,2022-01-15
001909,2021,12,29,2021-12-29
001915,2021,06,24,2021-06-24
001954,2021,10,NONE,2021-10-NONE
001984,2022,01,19,2022-01-19
001989,2022,11,23,2022-11-23
002012,2020,06,30,2020-06-30
002014,2023,06,28,2023-06-28
002016,2022,10,19,2022-10-19
002017,2021,10,23,2021-10-23
002044,2019,12,20,2019-12-20
002051,NONE,04,14,NONE-04-14
002076,2022,03,04,2022-03-04
002084,2020,11,06,2020-11-06
002085,2021,11,22,2021-11-22
002089,2021,11,09,2021-11-09
002093,2021,11,17,2021-11-17
002097,2022,06,16,2022-06-16
002099,2021,05,25,2021-05-25
002120,2020,07,20,2020-07-20
002129,2021,08,12,2021-08-12
002142,2021,04,11,2021-04-11
002146,2022,07,26,2022-07-26
002200,2021,08,05,2021-08-05
002208,2022,05,31,2022-05-31
002226,2023,03,03,2023-03-03
002246,2021,07,22,2021-07-22
002248,2021,09,07,2021-09-07
002269,2021,03,16,2021-03-16
002289,2021,12,18,2021-12-18
002290,2021,09,10,2021-09-10
002308,2021,11,15,2021-11-15
002332,2021,12,16,2021-12-16
002345,NONE,02,12,NONE-02-12
002370,2022,05,12,2022-05-12
002371,2022,11,12,2022-11-12
002375,2019,10,28,2019-10-28
002383,2020,10,08,2020-10-08
002389,2021,08,04,2021-08-04
002394,NONE,NONE,NONE,NONE
002410,2022,04,NONE,2022-04-NONE
002412,2023,01,18,2023-01-18
002424,2022,06,09,2022-06-09
002452,2021,12,22,2021-12-22
002478,2023,03,15,2023-03-15
002484,2021,05,05,2021-05-05
002493,2022,02,10,2022-02-10
002508,2021,11,09,2021-11-09
002514,2022,02,16,2022-02-16
002518,2023,01,25,2023-01-25
002521,2023,10,02,2023-10-02
002524,2023,01,25,2023-01-25
002531,2022,01,19,2022-01-19
002538,2021,08,05,2021-08-05
002542,2021,10,17,2021-10-17
002566,2021,10,15,2021-10-15
002642,2021,10,31,2021-10-31
002644,NONE,NONE,NONE,NONE
002649,2021,07,01,2021-07-01
002667,2021,09,09,2021-09-09
002668,2021,09,09,2021-09-09
002669,2022,04,18,2022-04-18
002690,NONE,03,11,NONE-03-11
002709,2021,10,28,2021-10-28
002710,2021,10,28,2021-10-28
002724,2019,12,20,2019-12-20
002726,2022,03,17,2022-03-17
002758,2022,09,10,2022-09-10
002774,2021,10,08,2021-10-08
002801,2021,09,29,2021-09-29
002814,2021,04,02,2021-04-02
002815,2021,06,28,2021-06-28
002821,2021,11,19,2021-11-19
002823,2021,10,07,2021-10-07
002830,2022,05,21,2022-05-21
002833,2021,08,30,2021-08-30
002905,2021,05,19,2021-05-19
002909,2021,07,21,2021-07-21
002912,2021,06,30,2021-06-30
002914,2020,11,18,2020-11-18
002938,2021,10,NONE,2021-10-NONE
002939,2022,07,29,2022-07-29
002940,2022,07,29,2022-07-29
002959,2022,07,27,2022-07-27
002964,2022,09,13,2022-09-13
002975,2022,03,15,2022-03-15
002980,2021,12,17,2021-12-17
002984,2021,05,01,2021-05-01
002985,2021,05,01,2021-05-01
002997,2022,10,15,2022-10-15
003000,2021,10,12,2021-10-12
003020,2021,03,23,2021-03-23
003045,2022,05,02,2022-05-02
003050,2021,02,16,2021-02-16
003057,2022,02,19,2022-02-19
003061,2022,03,05,2022-03-05
003067,2021,06,15,2021-06-15
003073,2021,08,25,2021-08-25
003085,2021,06,27,2021-06-27
003107,2021,01,11,2021-01-11
003111,2021,06,09,2021-06-09
003124,2021,03,07,2021-03-07
003125,2021,03,07,2021-03-07
003126,2021,02,16,2021-02-16
003145,2022,01,11,2022-01-11
003150,2021,12,10,2021-12-10
003153,2021,06,30,2021-06-30
003166,2021,07,NONE,2021-07-NONE
003179,2021,07,08,2021-07-08
003190,2022,08,16,2022-08-16
003208,2021,07,20,2021-07-20
003213,2024,01,12,2024-01-12
003216,2022,01,15,2022-01-15
003219,2021,03,16,2021-03-16
003230,2022,03,28,2022-03-28
003231,2021,04,04,2021-04-04
003233,2021,09,21,2021-09-21
003235,2022,11,NONE,2022-11-NONE
003244,2021,07,NONE,2021-07-NONE
003245,2021,09,20,2021-09-20
003247,2023,01,17,2023-01-17
003256,2022,04,01,2022-04-01
003271,2021,07,07,2021-07-07
003304,2025,03,NONE,2025-03-NONE
003316,2022,02,07,2022-02-07
003334,2021,10,30,2021-10-30
003343,2023,12,30,2023-12-30
3345,2026,08,19,2026-08-19
3346,2026,09,10,2026-09-10
3347,2027,09,01,2027-09-01
3349,NONE,NONE,NONE,NONE
3350,NONE,NONE,NONE,NONE
000001,2027,06,26,2027-06-26
000008,2027,06,29,2027-06-29
000009,2026,10,29,2026-10-29
000014,2026,01,31,2026-01-31
000021,2025,10,10,2025-10-10
000022,2025,10,14,2025-10-14
000023,2025,10,10,2025-10-10
000028,2026,02,10,2026-02-10
000029,2026,08,02,2026-08-02
000031,2026,02,14,2026-02-14
000033,2026,06,17,2026-06-17
000038,2027,02,12,2027-02-12
000050,2025,09,30,2025-09-30
000055,2026,08,04,2026-08-04
000056,2026,07,11,2026-07-11
000078,2025,06,19,2025-06-19
000081,2026,05,18,2026-05-18
000093,2026,04,23,2026-04-23
000097,2025,11,19,2025-11-19
000114,2026,02,28,2026-02-28
000124,2026,01,02,2026-01-02
000133,2025,11,25,2025-11-25
000137,2026,03,26,2026-03-26
000138,2026,05,14,2026-05-14
000143,2027,03,06,2027-03-06
000148,2026,02,26,2026-02-26
000153,2026,10,12,2026-10-12
000154,2027,08,13,2027-08-13
000157,NONE,NONE,NONE,NONE
000174,2026,09,05,2026-09-05
000183,2027,07,28,2027-07-28
000184,2027,11,19,2027-11-19
000194,2027,04,23,2027-04-23
000213,2026,03,20,2026-03-20
000216,2026,03,16,2026-03-16
000230,2026,03,28,2026-03-28
000234,2027,10,26,2027-10-26
000235,2026,03,08,2026-03-08
000242,2026,05,21,2026-05-21
000246,2026,02,04,2026-02-04
000250,2026,03,04,2026-03-04
000252,2026,07,09,2026-07-09
000254,2026,08,12,2026-08-12
000269,2026,05,15,2026-05-15
000275,2026,04,23,2026-04-23
000283,2027,09,17,2027-09-17
000284,2026,08,20,2026-08-20
000285,2027,07,02,2027-07-02
000286,2027,03,11,2027-03-11
000287,2027,02,18,2027-02-18
000290,2027,03,02,2027-03-02
000291,2027,07,21,2027-07-21
000294,2026,09,08,2026-09-08
000307,2025,11,14,2025-11-14
000320,2025,11,12,2025-11-12
000323,2025,12,21,2025-12-21
000325,2025,11,03,2025-11-03
000331,2025,10,31,2025-10-31
000334,2026,03,15,2026-03-15
000335,2025,11,28,2025-11-28
000338,2026,05,28,2026-05-28
000340,2026,08,11,2026-08-11
000349,2025,12,07,2025-12-07
000356,2027,03,17,2027-03-17
000362,2026,08,11,2026-08-11
000366,2026,09,05,2026-09-05
000367,2026,05,18,2026-05-18
000372,2026,09,15,2026-09-15
000379,NONE,02,13,NONE-02-13
000383,2026,04,03,2026-04-03
000384,2026,07,08,2026-07-08
000386,2026,06,10,2026-06-10
000388,2026,01,15,2026-01-15
000392,2026,08,28,2026-08-28
000396,2026,02,27,2026-02-27
000401,2027,04,12,2027-04-12
000403,NONE,02,02,NONE-02-02
000404,2026,06,10,2026-06-10
000411,2026,09,09,2026-09-09
000412,2026,01,19,2026-01-19
000415,NONE,NONE,NONE,NONE
000422,2026,06,09,2026-06-09
000424,2026,03,28,2026-03-28
000426,2026,12,26,2026-12-26
000430,2028,02,01,2028-02-01
000442,2025,11,30,2025-11-30
000443,2026,04,06,2026-04-06
000445,2026,07,17,2026-07-17
000449,2026,01,28,2026-01-28
000458,2026,07,01,2026-07-01
000465,2027,07,30,2027-07-30
000469,2026,07,21,2026-07-21
000476,2026,07,06,2026-07-06
000484,2027,11,14,2027-11-14
000488,2026,02,27,2026-02-27
000492,2026,03,12,2026-03-12
000495,2026,02,19,2026-02-19
000498,2026,03,07,2026-03-07
000505,2026,03,02,2026-03-02
000509,2026,09,01,2026-09-01
000512,2026,02,17,2026-02-17
000515,2026,01,NONE,2026-01-NONE
000516,2026,07,16,2026-07-16
000521,2026,03,10,2026-03-10
000523,2026,03,23,2026-03-23
000533,2026,03,26,2026-03-26
000558,2025,05,16,2025-05-16
000564,2026,06,25,2026-06-25
000567,2025,10,29,2025-10-29
000569,2025,11,02,2025-11-02
000576,2026,05,21,2026-05-21
000600,2026,08,31,2026-08-31
000606,2026,10,01,2026-10-01
000613,2026,05,28,2026-05-28
000634,2026,02,05,2026-02-05
000641,2026,09,02,2026-09-02
000645,2026,05,13,2026-05-13
000652,2027,03,31,2027-03-31
000654,2028,07,02,2028-07-02
000655,2026,08,27,2026-08-27
000659,2026,08,24,2026-08-24
000668,2026,04,30,2026-04-30
000679,2027,09,17,2027-09-17
000686,2025,10,12,2025-10-12
000687,2025,10,17,2025-10-17
000692,2026,08,21,2026-08-21
000694,2026,09,01,2026-09-01
000697,2025,10,07,2025-10-07
000700,2025,10,24,2025-10-24
000710,2025,10,14,2025-10-14
000713,2025,10,23,2025-10-23
000716,2025,11,07,2025-11-07
000717,2025,10,12,2025-10-12
000726,2026,09,16,2026-09-16
000730,2026,02,26,2026-02-26
000737,2026,03,04,2026-03-04
000739,2024,08,07,2024-08-07
000744,2027,08,18,2027-08-18
000747,2026,06,22,2026-06-22
000750,2026,01,06,2026-01-06
000754,2026,05,24,2026-05-24
000755,2026,04,30,2026-04-30
000757,NONE,10,22,NONE-10-22
000762,2026,08,02,2026-08-02
000771,2026,11,19,2026-11-19
000776,2026,01,09,2026-01-09
000777,2026,03,NONE,2026-03-NONE
000780,2026,04,27,2026-04-27
000796,NONE,NONE,NONE,NONE
000800,2026,08,12,2026-08-12
000805,2027,07,NONE,2027-07-NONE
000807,2026,05,29,2026-05-29
000815,2026,06,22,2026-06-22
000816,NONE,NONE,NONE,NONE
000819,2026,05,18,2026-05-18
000821,2026,02,02,2026-02-02
000831,2025,07,16,2025-07-16
000832,2025,07,16,2025-07-16
000833,2026,04,27,2026-04-27
000842,2026,07,03,2026-07-03
000850,2026,08,09,2026-08-09
000853,2025,09,25,2025-09-25
000867,NONE,NONE,NONE,NONE
000877,2023,04,03,2023-04-03
000895,2021,06,02,2021-06-02
000905,2022,01,NONE,2022-01-NONE
000912,2022,05,05,2022-05-05
000913,2021,10,19,2021-10-19
000917,2022,06,06,2022-06-06
000920,2022,03,11,2022-03-11
000921,2022,02,26,2022-02-26
000924,2018,02,02,2018-02-02
000927,2021,08,23,2021-08-23
000933,NONE,NONE,NONE,NONE
000939,2021,10,28,2021-10-28
000947,2021,09,30,2021-09-30
000952,2021,04,05,2021-04-05
000954,2021,01,07,2021-01-07
000961,2023,10,21,2023-10-21
000965,2021,07,23,2021-07-23
000967,2022,10,17,2022-10-17
000968,2022,10,17,2022-10-17
000975,2023,08,03,2023-08-03
000983,2021,08,20,2021-08-20
000998,2021,11,11,2021-11-11
000999,2021,11,11,2021-11-11
001011,2021,08,09,2021-08-09
001017,2021,02,21,2021-02-21
001024,2021,07,13,2021-07-13
001025,2020,12,09,2020-12-09
001034,2021,06,28,2021-06-28
001035,2021,10,07,2021-10-07
001036,2021,10,07,2021-10-07
001051,2022,12,20,2022-12-20
001054,2022,09,01,2022-09-01
001063,2022,01,04,2022-01-04
001066,2022,05,04,2022-05-04
001069,2021,03,15,2021-03-15
001072,2023,09,18,2023-09-18
001091,2020,07,17,2020-07-17
001092,2021,03,19,2021-03-19
001098,2021,03,18,2021-03-18
001099,2021,03,18,2021-03-18
001102,2021,03,14,2021-03-14
001105,2021,08,26,2021-08-26
001110,2021,03,22,2021-03-22
001127,2021,06,10,2021-06-10
001132,2021,02,19,2021-02-19
001141,2022,03,14,2022-03-14
001144,2021,05,25,2021-05-25
001153,2021,10,31,2021-10-31
001162,2021,12,06,2021-12-06
001170,2022,01,18,2022-01-18
001173,2021,09,NONE,2021-09-NONE
001182,2022,04,14,2022-04-14
001187,2020,04,23,2020-04-23
001189,2019,06,28,2019-06-28
001194,2021,02,11,2021-02-11
001195,2021,10,18,2021-10-18
001196,2021,10,18,2021-10-18
001199,2021,10,20,2021-10-20
001203,2023,02,28,2023-02-28
001204,2023,02,28,2023-02-28
001207,2020,08,18,2020-08-18
001209,2021,08,03,2021-08-03
001215,2021,06,13,2021-06-13
001219,2021,01,14,2021-01-14
001225,2022,06,27,2022-06-27
001229,2021,10,28,2021-10-28
001231,2021,05,05,2021-05-05
001237,NONE,NONE,NONE,NONE
001240,2020,12,19,2020-12-19
001250,2021,04,11,2021-04-11
001255,2019,09,13,2019-09-13
001260,2021,08,30,2021-08-30
001264,2022,12,03,2022-12-03
001267,2022,09,05,2022-09-05
001271,2023,07,08,2023-07-08
001272,2023,07,08,2023-07-08
001280,2022,10,09,2022-10-09
001281,2025,08,05,2025-08-05
001287,2023,10,01,2023-10-01
001289,2021,11,24,2021-11-24
001291,2022,11,05,2022-11-05
001292,2022,11,05,2022-11-05
001307,2022,11,06,2022-11-06
001309,2021,04,30,2021-04-30
001311,2022,10,20,2022-10-20
001315,2021,12,09,2021-12-09
001317,2020,12,07,2020-12-07
001320,2021,11,22,2021-11-22
001326,2021,07,19,2021-07-19
001330,2021,03,05,2021-03-05
001338,2021,06,08,2021-06-08
001345,2021,08,27,2021-08-27
001348,2021,10,31,2021-10-31
001356,NONE,08,22,NONE-08-22
001357,NONE,08,22,NONE-08-22
001366,2021,09,29,2021-09-29
001367,2021,09,29,2021-09-29
001369,2021,09,25,2021-09-25
001371,2022,04,27,2022-04-27
001372,2022,03,07,2022-03-07
001373,2022,03,07,2022-03-07
001383,2023,01,05,2023-01-05
001404,2021,01,27,2021-01-27
001412,2022,09,06,2022-09-06
001420,2021,07,01,2021-07-01
001421,2021,07,01,2021-07-01
001424,2021,06,22,2021-06-22
001425,2021,06,22,2021-06-22
001426,2020,04,17,2020-04-17
001440,2021,09,03,2021-09-03
001444,2021,09,06,2021-09-06
001448,2022,07,22,2022-07-22
001453,2022,09,13,2022-09-13
001456,2022,06,28,2022-06-28
001457,2022,06,28,2022-06-28
001464,2022,11,18,2022-11-18
001472,2022,02,17,2022-02-17
001481,NONE,01,31,NONE-01-31
001484,2022,09,28,2022-09-28
001489,2021,07,12,2021-07-12
001493,2023,08,17,2023-08-17
001501,2021,09,23,2021-09-23
001502,2021,06,24,2021-06-24
001509,2021,10,19,2021-10-19
001510,2023,12,01,2023-12-01
001517,2021,11,19,2021-11-19
001526,2021,01,21,2021-01-21
001532,2022,06,21,2022-06-21
001544,2021,08,02,2021-08-02
001555,2020,06,03,2020-06-03
001558,2021,12,24,2021-12-24
001559,2021,12,24,2021-12-24
001568,2021,03,09,2021-03-09
001573,2022,01,06,2022-01-06
001583,2021,12,15,2021-12-15
001585,2021,10,28,2021-10-28
001589,2023,01,09,2023-01-09
001590,2021,02,18,2021-02-18
001600,2021,02,08,2021-02-08
001601,2021,02,11,2021-02-11
001602,2021,02,11,2021-02-11
001620,2022,07,19,2022-07-19
001630,2022,10,21,2022-10-21
001638,2021,04,12,2021-04-12
001644,2021,10,16,2021-10-16
001658,2021,10,20,2021-10-20
001668,2021,09,14,2021-09-14
001685,2021,11,29,2021-11-29
001686,2020,11,27,2020-11-27
001690,2020,08,16,2020-08-16
001694,2022,07,01,2022-07-01
001696,2022,06,23,2022-06-23
001703,2021,07,16,2021-07-16
001708,2021,05,02,2021-05-02
001711,2021,10,15,2021-10-15
001715,2021,02,07,2021-02-07
001716,2021,02,07,2021-02-07
001719,2021,03,11,2021-03-11
001723,2021,05,13,2021-05-13
001728,2021,02,08,2021-02-08
001735,2022,01,20,2022-01-20
001745,2022,01,28,2022-01-28
001748,NONE,NONE,NONE,NONE
001749,NONE,05,15,NONE-05-15
001751,2021,06,28,2021-06-28
001754,2021,12,05,2021-12-05
001759,2021,04,24,2021-04-24
001769,2021,12,22,2021-12-22
001774,2021,04,02,2021-04-02
001775,2021,04,02,2021-04-02
001780,2020,09,01,2020-09-01
001792,2020,08,13,2020-08-13
001793,2021,11,07,2021-11-07
001797,2028,12,02,2028-12-02
001808,2020,08,13,2020-08-13
001813,2021,03,26,2021-03-26
001814,2022,06,07,2022-06-07
001820,2020,09,01,2020-09-01
001821,2020,09,01,2020-09-01
001833,2022,09,02,2022-09-02
001836,2021,10,02,2021-10-02
001840,2021,09,30,2021-09-30
001844,2021,11,23,2021-11-23
001856,NONE,NONE,NONE,NONE
001859,NONE,07,08,NONE-07-08
001872,2022,10,14,2022-10-14
001875,2022,10,21,2022-10-21
001885,2021,12,05,2021-12-05
001891,2022,05,22,2022-05-22
001892,2022,05,22,2022-05-22
001903,2021,08,27,2021-08-27
001910,2020,05,08,2020-05-08
001918,2021,05,25,2021-05-25
001922,2022,06,14,2022-06-14
001923,2022,06,14,2022-06-14
001928,2022,01,14,2022-01-14
001931,2022,01,01,2022-01-01
001934,2022,03,29,2022-03-29
001958,2020,11,13,2020-11-13
001963,2021,10,09,2021-10-09
001967,2022,08,24,2022-08-24
001972,2023,03,15,2023-03-15
001986,2023,01,04,2023-01-04
001993,2021,10,29,2021-10-29
001995,2021,12,18,2021-12-18
002002,2022,01,27,2022-01-27
002006,2022,07,27,2022-07-27
002018,2021,10,23,2021-10-23
002023,2020,11,10,2020-11-10
002024,2020,11,10,2020-11-10
002033,2022,03,22,2022-03-22
002039,2021,12,03,2021-12-03
002046,2021,12,10,2021-12-10
002049,2021,03,25,2021-03-25
002052,NONE,04,14,NONE-04-14
002057,2021,12,17,2021-12-17
002067,2020,04,30,2020-04-30
002073,2021,12,24,2021-12-24
002075,2020,05,28,2020-05-28
002078,2020,10,21,2020-10-21
002082,2019,07,09,2019-07-09
002092,2021,09,21,2021-09-21
002095,2021,04,28,2021-04-28
002108,2020,09,01,2020-09-01
002109,2022,02,24,2022-02-24
002118,2021,01,03,2021-01-03
002122,2021,10,09,2021-10-09
002132,2021,10,04,2021-10-04
002134,2022,11,02,2022-11-02
002138,2021,06,29,2021-06-29
002144,2021,07,13,2021-07-13
002145,2021,07,13,2021-07-13
002147,2022,07,26,2022-07-26
002154,2021,05,21,2021-05-21
002180,2022,01,19,2022-01-19
002187,2020,06,10,2020-06-10
002188,2020,08,07,2020-08-07
002189,2022,02,04,2022-02-04
002194,2020,06,10,2020-06-10
002203,2021,01,08,2021-01-08
002206,2021,03,05,2021-03-05
002217,2023,05,NONE,2023-05-NONE
002219,2022,02,01,2022-02-01
002221,2022,06,03,2022-06-03
002225,2022,09,14,2022-09-14
002237,2021,06,08,2021-06-08
002239,2022,06,30,2022-06-30
002247,2021,09,07,2021-09-07
002250,2021,05,09,2021-05-09
002251,2021,05,09,2021-05-09
002255,2021,10,26,2021-10-26
002259,2022,12,15,2022-12-15
002263,2021,12,01,2021-12-01
002273,2021,08,09,2021-08-09
002282,2022,07,NONE,2022-07-NONE
002286,2021,12,31,2021-12-31
002293,2021,07,03,2021-07-03
002302,2022,02,03,2022-02-03
002303,2022,02,03,2022-02-03
002318,2020,12,03,2020-12-03
002331,2021,12,16,2021-12-16
002333,2021,10,04,2021-10-04
002341,2021,12,15,2021-12-15
002353,2021,10,22,2021-10-22
002360,2021,06,10,2021-06-10
002367,2020,10,01,2020-10-01
002368,2022,01,16,2022-01-16
002379,2022,10,20,2022-10-20
002381,2021,08,17,2021-08-17
002388,2021,01,14,2021-01-14
002405,2021,11,01,2021-11-01
002409,2022,10,29,2022-10-29
002413,2022,07,20,2022-07-20
002414,2021,11,01,2021-11-01
002426,2021,01,18,2021-01-18
002434,2023,01,07,2023-01-07
002435,2021,06,03,2021-06-03
002439,2022,01,26,2022-01-26
002441,2021,08,03,2021-08-03
002444,NONE,NONE,NONE,NONE
002449,2021,06,09,2021-06-09
002462,2020,12,23,2020-12-23
002465,2022,01,20,2022-01-20
002466,2022,01,20,2022-01-20
002479,2022,07,NONE,2022-07-NONE
002486,2022,08,03,2022-08-03
002489,2021,04,18,2021-04-18
002492,2022,09,08,2022-09-08
002502,2022,01,24,2022-01-24
002525,2023,01,25,2023-01-25
002536,2021,09,22,2021-09-22
002537,2021,09,22,2021-09-22
002546,2022,04,NONE,2022-04-NONE
002548,2021,04,02,2021-04-02
002550,2021,09,30,2021-09-30
002556,2021,11,17,2021-11-17
002557,2021,11,17,2021-11-17
002564,2021,09,25,2021-09-25
002574,2021,12,16,2021-12-16
002587,NONE,12,22,NONE-12-22
002598,2021,12,NONE,2021-12-NONE
002599,2021,12,NONE,2021-12-NONE
002607,2022,04,02,2022-04-02
002612,2021,12,01,2021-12-01
002613,2023,04,NONE,2023-04-NONE
002616,2022,12,21,2022-12-21
002617,2022,05,04,2022-05-04
002631,2022,01,20,2022-01-20
002637,2022,11,01,2022-11-01
002639,2021,12,04,2021-12-04
002641,2021,10,31,2021-10-31
002643,2022,11,04,2022-11-04
002645,2021,12,14,2021-12-14
002656,2021,03,25,2021-03-25
002658,2021,07,01,2021-07-01
002661,2022,01,11,2022-01-11
002670,2023,04,30,2023-04-30
002676,2021,03,23,2021-03-23
002681,2021,09,10,2021-09-10
002688,2021,06,11,2021-06-11
002691,2021,03,10,2021-03-10
002696,2021,07,23,2021-07-23
002701,2022,12,16,2022-12-16
002712,2022,01,11,2022-01-11
002713,2021,10,22,2021-10-22
002715,2021,12,15,2021-12-15
002717,2022,03,01,2022-03-01
002723,2019,12,20,2019-12-20
002730,2021,06,25,2021-06-25
002732,2021,12,25,2021-12-25
002736,2021,04,28,2021-04-28
002737,2021,06,12,2021-06-12
002740,2021,12,18,2021-12-18
002747,2022,01,08,2022-01-08
002761,2023,06,01,2023-06-01
002762,2023,06,01,2023-06-01
002764,2021,11,06,2021-11-06
002766,2021,03,16,2021-03-16
002769,2021,12,08,2021-12-08
002772,2024,05,09,2024-05-09
002789,2021,04,03,2021-04-03
002790,2021,12,06,2021-12-06
002791,2021,12,06,2021-12-06
002803,2021,04,19,2021-04-19
002810,2023,01,20,2023-01-20
002820,2021,11,19,2021-11-19
002822,2021,10,07,2021-10-07
002843,2023,06,NONE,2023-06-NONE
002855,2022,09,13,2022-09-13
002861,2021,03,25,2021-03-25
002876,2022,12,04,2022-12-04
002878,2021,06,21,2021-06-21
002887,2022,01,04,2022-01-04
002893,2021,03,31,2021-03-31
002895,2024,02,13,2024-02-13
002898,2021,11,09,2021-11-09
002903,NONE,NONE,NONE,NONE
002913,2020,11,18,2020-11-18
002917,2021,04,30,2021-04-30
002931,2022,06,30,2022-06-30
002947,2021,09,25,2021-09-25
002954,2021,02,28,2021-02-28
002965,2022,09,03,2022-09-03
002967,2021,09,03,2021-09-03
002968,2021,05,28,2021-05-28
002972,2022,03,20,2022-03-20
002973,2022,03,20,2022-03-20
002974,2022,03,15,2022-03-15
002978,2020,07,20,2020-07-20
002992,2021,02,21,2021-02-21
002996,2022,10,15,2022-10-15
002999,2021,10,07,2021-10-07
003007,2021,11,30,2021-11-30
003013,2024,01,29,2024-01-29
003016,2022,07,01,2022-07-01
003017,2022,02,23,2022-02-23
003021,2021,03,23,2021-03-23
003039,2021,03,01,2021-03-01
003043,2020,07,13,2020-07-13
003044,2022,05,02,2022-05-02
003046,2021,10,20,2021-10-20
003063,2021,10,18,2021-10-18
003066,2021,11,12,2021-11-12
003081,2021,12,02,2021-12-02
003084,2021,12,02,2021-12-02
003088,2021,06,30,2021-06-30
003089,2021,09,15,2021-09-15
003096,2022,10,12,2022-10-12
003097,2021,04,12,2021-04-12
003102,2022,03,29,2022-03-29
003103,2022,03,29,2022-03-29
003105,2023,12,06,2023-12-06
003119,2021,07,10,2021-07-10
003120,2021,09,30,2021-09-30
003121,2021,09,30,2021-09-30
003128,2022,08,25,2022-08-25
003130,2022,03,30,2022-03-30
003138,2022,01,09,2022-01-09
003140,2021,07,12,2021-07-12
003146,2021,04,22,2021-04-22
003155,2021,07,11,2021-07-11
003157,2021,10,26,2021-10-26
003158,2021,04,25,2021-04-25
003159,2020,04,23,2020-04-23
003174,2022,08,13,2022-08-13
003177,2021,03,25,2021-03-25
003189,2022,08,16,2022-08-16
003194,2021,07,13,2021-07-13
003206,2021,04,13,2021-04-13
003209,2022,12,02,2022-12-02
003210,2022,12,02,2022-12-02
003212,2022,08,25,2022-08-25
003218,2021,03,16,2021-03-16
003223,2022,06,14,2022-06-14
003227,2022,01,29,2022-01-29
003248,2023,01,17,2023-01-17
003250,2023,02,01,2023-02-01
003251,2023,04,NONE,2023-04-NONE
003255,2021,11,05,2021-11-05
003259,2022,02,10,2022-02-10
003264,2021,09,13,2021-09-13
003266,2021,09,12,2021-09-12
003267,2022,05,05,2022-05-05
003269,2020,01,28,2020-01-28
003272,2021,05,03,2021-05-03
003276,NONE,04,10,NONE-04-10
003282,2022,12,21,2022-12-21
003288,2021,09,25,2021-09-25
003293,2022,12,02,2022-12-02
003296,2021,11,26,2021-11-26
003298,2021,10,21,2021-10-21
003306,2020,09,01,2020-09-01
003320,2021,04,27,2021-04-27
003321,2021,09,01,2021-09-01
003328,2021,12,26,2021-12-26
003332,2021,04,29,2021-04-29
003336,2021,07,02,2021-07-02
3344,2026,09,11,2026-09-11
3348,2027,07,13,2027-07-13
3351,NONE,10,22,NONE-10-22
3352,NONE,10,02,NONE-10-02
