image_id,year,month,day,final_date
000004,2022,02,14,2022-02-14
000040,2025,10,11,2025-10-11
000043,NONE,10,14,NONE-10-14
000047,2027,04,14,2027-04-14
000053,2025,12,20,2025-12-20
000070,2026,10,08,2026-10-08
000084,2026,03,31,2026-03-31
000091,2027,05,22,2027-05-22
000132,2026,08,21,2026-08-21
000141,2026,09,17,2026-09-17
000142,2026,05,14,2026-05-14
000158,2028,07,20,2028-07-20
000173,2026,09,17,2026-09-17
000191,2026,06,15,2026-06-15
000196,2027,02,27,2027-02-27
000201,2027,03,30,2027-03-30
000204,2026,06,18,2026-06-18
000257,2025,12,10,2025-12-10
000270,2026,09,03,2026-09-03
000298,2026,09,11,2026-09-11
000302,2026,03,15,2026-03-15
000313,2026,03,01,2026-03-01
000327,2021,10,25,2021-10-25
000341,2026,04,29,2026-04-29
000345,2026,04,09,2026-04-09
000381,2027,01,20,2027-01-20
000398,2027,07,30,2027-07-30
000405,NONE,01,07,NONE-01-07
000407,2025,12,01,2025-12-01
000408,2025,10,09,2025-10-09
000439,2026,03,18,2026-03-18
000444,2026,07,01,2026-07-01
000452,2025,07,26,2025-07-26
000461,2026,11,28,2026-11-28
000468,2025,06,10,2025-06-10
000478,2026,06,11,2026-06-11
000486,NONE,NONE,NONE,NONE
000524,2026,06,18,2026-06-18
000525,2027,09,08,2027-09-08
000527,2025,10,12,2025-10-12
000528,2026,03,11,2026-03-11
000547,2026,05,28,2026-05-28
000568,2026,02,23,2026-02-23
000581,2026,02,25,2026-02-25
000610,2026,06,04,2026-06-04
000617,2026,07,11,2026-07-11
000619,2026,09,15,2026-09-15
000621,2026,08,25,2026-08-25
000624,2027,06,15,2027-06-15
000626,2026,07,01,2026-07-01
000651,2026,06,25,2026-06-25
000660,2026,02,28,2026-02-28
000664,2026,02,20,2026-02-20
000672,2026,02,08,2026-02-08
000682,2026,01,25,2026-01-25
000691,2026,09,22,2026-09-22
000693,2026,09,01,2026-09-01
000706,2026,03,11,2026-03-11
000707,2026,08,19,2026-08-19
000721,2026,12,17,2026-12-17
000722,2026,08,04,2026-08-04
000741,2025,12,03,2025-12-03
000760,NONE,11,20,NONE-11-20
000761,NONE,11,11,NONE-11-11
000771,2026,11,19,2026-11-19
000772,NONE,NONE,NONE,NONE
000783,2021,12,25,2021-12-25
000784,2027,05,22,2027-05-22
000787,2026,04,09,2026-04-09
000804,2027,09,01,2027-09-01
000818,NONE,NONE,NONE,NONE
000822,2026,02,02,2026-02-02
000849,2026,05,21,2026-05-21
000854,2026,09,04,2026-09-04
000855,2026,08,25,2026-08-25
000868,NONE,03,24,NONE-03-24
000882,2021,06,08,2021-06-08
000884,2021,07,03,2021-07-03
000886,2021,07,09,2021-07-09
000889,2021,05,27,2021-05-27
000891,2021,04,05,2021-04-05
000904,2021,08,31,2021-08-31
000915,2021,07,21,2021-07-21
000931,NONE,NONE,NONE,NONE
000935,2021,02,10,2021-02-10
000940,2021,10,28,2021-10-28
000976,2023,08,03,2023-08-03
000981,2021,08,08,2021-08-08
000982,2015,02,22,2015-02-22
001003,2022,08,24,2022-08-24
001055,2022,08,10,2022-08-10
001058,2021,10,14,2021-10-14
001087,2022,06,14,2022-06-14
001095,2022,01,12,2022-01-12
001101,2021,03,14,2021-03-14
001123,2021,10,09,2021-10-09
001129,NONE,02,07,NONE-02-07
001131,NONE,NONE,NONE,NONE
001138,2021,10,23,2021-10-23
001156,2021,02,07,2021-02-07
001168,2021,08,31,2021-08-31
001169,2021,08,31,2021-08-31
001186,2020,12,29,2020-12-29
001190,2019,06,28,2019-06-28
001198,2021,10,10,2021-10-10
001205,NONE,05,21,NONE-05-21
001216,2021,06,13,2021-06-13
001226,2022,06,27,2022-06-27
001228,2022,01,11,2022-01-11
001230,2021,10,28,2021-10-28
001235,2020,09,26,2020-09-26
001236,NONE,NONE,NONE,NONE
001241,2022,06,13,2022-06-13
001252,2021,08,19,2021-08-19
001261,NONE,NONE,NONE,NONE
001273,2022,06,17,2022-06-17
001277,2021,11,04,2021-11-04
001279,2022,10,09,2022-10-09
001286,2022,11,21,2022-11-21
001334,2021,10,26,2021-10-26
001342,2021,09,10,2021-09-10
001359,2020,12,07,2020-12-07
001369,2021,09,25,2021-09-25
001389,2021,06,20,2021-06-20
001397,2022,11,01,2022-11-01
001400,NONE,NONE,NONE,NONE
001406,2021,07,31,2021-07-31
001415,2022,04,20,2022-04-20
001447,2022,07,22,2022-07-22
001469,2022,12,03,2022-12-03
001515,2022,02,01,2022-02-01
001527,2021,01,21,2021-01-21
001543,2022,01,22,2022-01-22
001562,2022,06,11,2022-06-11
001566,2020,04,23,2020-04-23
001571,2021,06,11,2021-06-11
001586,2021,04,20,2021-04-20
001587,2021,04,20,2021-04-20
001598,2018,01,02,2018-01-02
001608,2021,06,29,2021-06-29
001609,2021,06,29,2021-06-29
001611,2021,02,12,2021-02-12
001612,2022,02,25,2022-02-25
001617,2021,12,15,2021-12-15
001622,2022,01,14,2022-01-14
001623,2022,01,14,2022-01-14
001629,2021,07,23,2021-07-23
001632,2021,11,27,2021-11-27
001639,2021,02,28,2021-02-28
001640,2021,02,28,2021-02-28
001655,2019,09,12,2019-09-12
001665,2021,01,28,2021-01-28
001667,2021,09,14,2021-09-14
001684,2021,11,14,2021-11-14
001688,2021,01,07,2021-01-07
001695,2022,07,01,2022-07-01
001704,2021,07,16,2021-07-16
001709,2021,04,12,2021-04-12
001713,NONE,NONE,NONE,NONE
001725,2021,02,16,2021-02-16
001731,2021,10,02,2021-10-02
001743,2021,10,26,2021-10-26
001750,2021,06,28,2021-06-28
001760,2021,04,24,2021-04-24
001763,2021,12,23,2021-12-23
001765,2021,09,10,2021-09-10
001773,2020,08,07,2020-08-07
001804,2021,01,15,2021-01-15
001810,2023,10,22,2023-10-22
001819,2022,01,18,2022-01-18
001823,2021,06,09,2021-06-09
001838,2021,10,15,2021-10-15
001851,2021,01,02,2021-01-02
001855,NONE,NONE,NONE,NONE
001873,2022,10,14,2022-10-14
001883,2021,09,09,2021-09-09
001898,2021,05,29,2021-05-29
001906,2021,09,03,2021-09-03
001907,2021,08,16,2021-08-16
001911,2021,05,21,2021-05-21
001917,2021,05,25,2021-05-25
001937,2021,12,21,2021-12-21
001939,2021,03,14,2021-03-14
001945,NONE,NONE,NONE,NONE
001946,2021,08,02,2021-08-02
001950,NONE,NONE,NONE,NONE
001957,2021,10,20,2021-10-20
001971,2021,06,18,2021-06-18
001990,2022,11,23,2022-11-23
002048,2021,07,31,2021-07-31
002050,2021,03,25,2021-03-25
002060,NONE,04,17,NONE-04-17
002065,2021,09,03,2021-09-03
002090,2021,11,09,2021-11-09
002091,2021,09,21,2021-09-21
002100,2021,09,17,2021-09-17
002103,2021,12,25,2021-12-25
002111,2022,08,25,2022-08-25
002116,2020,07,05,2020-07-05
002130,2021,11,01,2021-11-01
002137,2021,10,11,2021-10-11
002149,2021,03,31,2021-03-31
002153,2019,07,17,2019-07-17
002169,2020,01,15,2020-01-15
002173,2034,01,07,2034-01-07
002201,2020,10,08,2020-10-08
002214,2020,10,16,2020-10-16
002218,2023,05,20,2023-05-20
002231,2022,07,21,2022-07-21
002243,2022,03,13,2022-03-13
002254,2021,10,26,2021-10-26
002256,2021,04,30,2021-04-30
002265,NONE,03,05,NONE-03-05
002267,2022,09,20,2022-09-20
002272,2021,08,02,2021-08-02
002275,2023,12,22,2023-12-22
002283,2022,01,20,2022-01-20
002284,2022,01,06,2022-01-06
002298,2021,10,15,2021-10-15
002313,2021,10,17,2021-10-17
002316,2022,06,15,2022-06-15
002323,NONE,04,15,NONE-04-15
002340,2021,12,28,2021-12-28
002356,2021,02,12,2021-02-12
002359,2021,06,10,2021-06-10
002387,2021,01,14,2021-01-14
002390,2021,03,21,2021-03-21
002403,NONE,NONE,NONE,NONE
002411,2023,01,12,2023-01-12
002432,2020,07,16,2020-07-16
002437,2020,09,13,2020-09-13
002447,2021,02,04,2021-02-04
002471,2021,03,18,2021-03-18
002473,2021,03,16,2021-03-16
002474,2021,03,16,2021-03-16
002500,2021,08,21,2021-08-21
002501,2021,08,21,2021-08-21
002519,2023,01,25,2023-01-25
002529,2021,10,19,2021-10-19
002530,2022,01,19,2022-01-19
002535,2021,12,04,2021-12-04
002554,2021,11,18,2021-11-18
002555,2021,11,18,2021-11-18
002563,2021,08,29,2021-08-29
002571,2021,05,07,2021-05-07
002576,2020,02,18,2020-02-18
002589,2020,10,15,2020-10-15
002596,2022,10,22,2022-10-22
002601,2020,10,21,2020-10-21
002606,2022,04,02,2022-04-02
002625,2021,06,22,2021-06-22
002632,2022,01,20,2022-01-20
002640,2021,12,04,2021-12-04
002672,2021,04,05,2021-04-05
002686,2021,01,11,2021-01-11
002687,2021,02,02,2021-02-02
002705,2021,12,07,2021-12-07
002706,2021,12,07,2021-12-07
002708,NONE,NONE,NONE,NONE
002720,2026,01,09,2026-01-09
002741,2021,12,18,2021-12-18
002754,2021,05,29,2021-05-29
002765,2021,03,16,2021-03-16
002792,2023,04,28,2023-04-28
002797,NONE,NONE,NONE,NONE
002799,2021,12,27,2021-12-27
002841,2023,09,22,2023-09-22
002863,2021,08,30,2021-08-30
002870,2021,02,25,2021-02-25
002892,2021,03,31,2021-03-31
002907,2021,10,30,2021-10-30
002950,2021,04,30,2021-04-30
002962,2020,03,13,2020-03-13
003012,2024,01,29,2024-01-29
003032,2021,04,12,2021-04-12
003054,2021,10,28,2021-10-28
003059,2021,10,04,2021-10-04
003090,2021,09,15,2021-09-15
003115,2021,09,25,2021-09-25
003117,2021,12,29,2021-12-29
003152,2021,06,30,2021-06-30
003154,2021,07,11,2021-07-11
003170,2021,04,20,2021-04-20
003176,2021,04,30,2021-04-30
003196,2020,11,05,2020-11-05
003199,2025,10,12,2025-10-12
003200,2022,09,21,2022-09-21
003204,2023,06,26,2023-06-26
003214,NONE,NONE,NONE,NONE
003220,2021,09,13,2021-09-13
003221,2021,05,03,2021-05-03
003224,2021,08,21,2021-08-21
003236,2021,03,30,2021-03-30
003253,2020,10,20,2020-10-20
003262,2021,06,10,2021-06-10
003299,2022,10,20,2022-10-20
003309,2020,08,29,2020-08-29
003314,2021,07,05,2021-07-05
003330,2021,11,03,2021-11-03
003342,2030,12,23,2030-12-23
